time;value
1;0.871755613
2;0.963303416
3;-0.036078641
4;-0.588331038
5;-0.997275292
6;-0.430534642
7;0.127608966
8;0.907419452
9;0.35203075
10;-0.41162497
11;-0.961472898
12;-0.788689156
13;0.401524573
14;0.982852204
